model,outcome,predictor,beta,ci_low,ci_high,se_envelope,envelope_low,envelope_high,se_used,psd_adjusted,se_block2,se_block1,se_year,se_two_way,two_way_negative_variance,n,pixels,years,blocks2,within_r2,detrend,min_years,fe_iterations
gleam_main,E_I,A,1.8818990947278256,1.7685774209343472,1.995220768521304,0.058636811544184,1.7605996082762418,2.0031985811794093,0.0547802948263258,False,0.037169266320447,0.02588496660667,0.0453510893944989,0.0547802948263258,False,43797,2021,24,127,0.6676741140386884,False,18,14
gleam_main,E_K,A,1.7668093797490505,1.7161218558526763,1.8174969036454247,0.0259372931348372,1.7131540009119997,1.820464758586101,0.0245026164025792,False,0.0207325868973143,0.0146572904200608,0.0155853461850477,0.0245026164025792,False,43797,2021,24,127,0.9657814977685282,False,18,14
gleam_main,E_R,A,0.115089714978784,0.0327894653758692,0.1973899645816987,0.0434986720420094,0.0251058560159589,0.2050735739416091,0.0397843747502725,False,0.0221269917092848,0.0163311493290879,0.0374503765977797,0.0397843747502725,False,43797,2021,24,127,0.0081614225883405,False,18,14
gleam_main,E_K_loo,A,1.761805480818677,1.7125115867525242,1.8110993748848296,0.0252655132632888,1.7095397845254312,1.814071177111923,0.0238289283919571,False,0.020265091364755,0.0143925385020357,0.0150888114984431,0.0238289283919571,False,43797,2021,24,127,0.9652339431287108,False,18,14
gleam_main,E_R_loo,A,0.120093613909161,0.0342150925425879,0.2059721352757341,0.0453899186806222,0.02619741319419,0.213989814624132,0.0415141301944001,False,0.023089034860982,0.0170411992964587,0.0390786538537583,0.0415141301944001,False,43797,2021,24,127,0.0081614223556593,False,18,14
gleam_main,E_early,A,0.2423671184504886,0.150853775838852,0.3338804610621253,0.048668774160378,0.1416880883938566,0.3430461485071207,0.0442380325050982,False,0.0275547159954057,0.0208041996224952,0.0401171684530004,0.0442380325050982,False,43797,2021,24,127,0.0267144065559234,False,18,14
gleam_main,E_late,A,-0.010858586942004,-0.0666974412715885,0.0449802673875805,0.0299802866096154,-0.0728775349995293,0.0511603611155212,0.0269927967046577,False,0.0161646980168654,0.0112330255604698,0.0252491608418623,0.0269927967046577,False,43797,2021,24,127,9.851146544959112e-05,False,18,14
gleam_main,E_annual,A,0.3560712683172983,0.1640679491419868,0.5480745874926098,0.1023070248659708,0.1444330627289769,0.5677094739056198,0.0928154172098191,False,0.0537745682596222,0.0393012577853889,0.0870346088944944,0.0928154172098191,False,43797,2021,24,127,0.0127525674342784,False,18,14
gleam_main,E_centroid_advance,A,0.0349352200772742,0.0252713230834049,0.0445991170711435,0.0054828230111188,0.0235931365287426,0.0462773036258058,0.0046715787790091,False,0.0039302793619489,0.0029026831874311,0.0038228591797622,0.0046715787790091,False,43797,2021,24,127,0.0263945979533235,False,18,14
gleam_main,E_q10_advance,A,0.0307040772830068,0.0161923102460933,0.0452158443199203,0.0082198026579251,0.0137001199585472,0.0477080346074664,0.0070150647278811,False,0.0042020055452983,0.0033218066096155,0.0070645810302179,0.0070150647278811,False,43797,2021,24,127,0.0088082265470644,False,18,14
gleam_main,E_q25_advance,A,0.0566233456916355,0.0433354360259626,0.0699112553573085,0.0078697248258848,0.040343579538665,0.072903111844606,0.0064234456193943,False,0.0043395258351984,0.0038244604620797,0.0065651416101097,0.0064234456193943,False,43797,2021,24,127,0.0274231307013004,False,18,14
gleam_main,E_q50_advance,A,0.0486284455658401,0.0352588192298499,0.0619980719018303,0.0075729664320649,0.032962570922701,0.0642943202089792,0.0064629478888398,False,0.0054865068307639,0.0041050876898468,0.0052199677563336,0.0064629478888398,False,43797,2021,24,127,0.0274392930887212,False,18,14
gleam_main,E_q75_advance,A,0.0268866753923664,0.0126098551186174,0.0411634956661154,0.0077197371319201,0.0109171824239853,0.0428561683607476,0.0069014902233419,False,0.0054576506161139,0.0037447124519639,0.0054597061402952,0.0069014902233419,False,43797,2021,24,127,0.0115556341119673,False,18,14
gleam_main,E_q90_advance,A,0.0105707103744324,0.0017067192289022,0.0194347015199626,0.0050668002596311,8.923545687318686e-05,0.0210521852919917,0.0042849000728228,False,0.0034178272510876,0.0026354330196738,0.0037404440582264,0.0042849000728228,False,43797,2021,24,127,0.002403906429644,False,18,14
gleam_main,E_q10_null_advance,A,0.1513326841619336,0.1369180642937002,0.165747304030167,0.0073979630991872,0.1360288314952006,0.1666365368286666,0.0069681032741389,False,0.0065395243286561,0.0043110337338066,0.0034589708833482,0.0069681032741389,False,43797,2021,24,127,0.6934946240424384,False,18,14
gleam_main,E_q25_null_advance,A,0.3214907322978654,0.3025695039189096,0.3404119606768213,0.0095534954442306,0.301727821241054,0.3412536433546769,0.0091466215983045,False,0.0088282686094183,0.0056068659845422,0.0036511571539572,0.0091466215983045,False,43797,2021,24,127,0.8951892669301262,False,18,14
gleam_main,E_q50_null_advance,A,0.4588867371856691,0.4488310780862262,0.4689423962851119,0.0051087911311181,0.4483183975322402,0.469455076839098,0.0048609586471904,False,0.0048147857304235,0.0031904691179174,0.0017080940230271,0.0048609586471904,False,43797,2021,24,127,0.9738700611453146,False,18,14
gleam_main,E_q75_null_advance,A,0.4248617563381673,0.4145922252061161,0.4351312874702185,0.0051723565204675,0.4141619216583014,0.4355615910180331,0.0049643455158202,False,0.0049743050630922,0.0033382418282243,0.0014175898963093,0.0049643455158202,False,43797,2021,24,127,0.973105819845776,False,18,14
gleam_main,E_q90_null_advance,A,0.2705669613335854,0.2597998246533187,0.281334098013852,0.0054454524190747,0.2593021847446916,0.2818317379224792,0.0052048906624453,False,0.0051584872173893,0.0034037655512842,0.0017444086896246,0.0052048906624453,False,43797,2021,24,127,0.935179374750806,False,18,14
gleam_main,E_q10_gap,A,0.1206286068789259,0.100601664712329,0.1406555490455227,0.0109334781466052,0.0980109841026005,0.1432462296552513,0.0096811294753315,False,0.0065286013099036,0.0048915253861306,0.0087703083935868,0.0096811294753315,False,43797,2021,24,127,0.1160681555130248,False,18,14
gleam_main,E_q25_gap,A,0.2648673866062296,0.2443206083582333,0.285414164854226,0.011379214662581,0.2413276875938894,0.2884070856185699,0.0099324209789527,False,0.0088454858631466,0.0063545286870921,0.0071584849082729,0.0099324209789527,False,43797,2021,24,127,0.3647150132657861,False,18,14
gleam_main,E_q50_gap,A,0.4102582916198271,0.3976475246650832,0.4228690585745711,0.0074146916697925,0.3949198332682,0.4255967499714542,0.0060961112613456,False,0.0054800571913957,0.0042408514835175,0.0049946597218551,0.0060961112613456,False,43797,2021,24,127,0.6587704809213359,False,18,14
gleam_main,E_q75_gap,A,0.3979750809458002,0.3837251219436042,0.4122250399479962,0.0078012098963989,0.3818370487231382,0.4141131131684622,0.0068885053429936,False,0.0054191109692921,0.0039389756104,0.0056117833306508,0.0068885053429936,False,43797,2021,24,127,0.7097572010473654,False,18,14
gleam_main,E_q90_gap,A,0.2599962509591535,0.2492935876328978,0.2706989142854091,0.0060215031697927,0.2475398226007992,0.2724526793175078,0.005173723903052,False,0.0043149854037812,0.0034841125820612,0.0041999287361786,0.005173723903052,False,43797,2021,24,127,0.5721978353586458,False,18,14
gleam_main,Et_I,A,0.9986493386441812,0.9010761975298868,1.0962224797584756,0.0516258542055414,0.8918531224475037,1.1054455548408588,0.0471673710636575,False,0.0383953126956942,0.0274659726600352,0.0345112849000393,0.0471673710636575,False,43797,2021,24,127,0.3140456492511164,False,18,14
gleam_main,Et_K,A,0.7009706480222603,0.6316913086737639,0.7702499873707567,0.0354451360770451,0.627646797524142,0.7742944985203786,0.0334899980545656,False,0.0310014083754621,0.0188676722496188,0.017183432435287,0.0334899980545656,False,43797,2021,24,127,0.8297514232950836,False,18,14
gleam_main,Et_R,A,0.2976786906219203,0.2251281311272044,0.3702292501166363,0.0397364432382163,0.2154775949061995,0.3798797863376412,0.0350713231272812,False,0.0238312328131035,0.0183404738532551,0.0317971266599931,0.0350713231272812,False,43797,2021,24,127,0.0414148985378084,False,18,14
gleam_main,Et_K_loo,A,0.6880280965112857,0.6185070763368731,0.7575491166856984,0.0355912737618699,0.6144019371792856,0.7616542558432858,0.0336068278405578,False,0.0310571113072775,0.0188129876523221,0.0173837454318608,0.0336068278405578,False,43797,2021,24,127,0.8205283864708256,False,18,14
gleam_main,Et_R_loo,A,0.3106212421328984,0.2349163105128496,0.3863261737529471,0.0414641146730926,0.224846185755117,0.3963962985106797,0.0365961632503859,False,0.0248673733432688,0.0191378857339707,0.0331796104351733,0.0365961632503859,False,43797,2021,24,127,0.0414148984558607,False,18,14
gleam_main,Et_early,A,0.3840017910590659,0.3049634375834771,0.4630401445346547,0.04330168635433,0.2944254280382024,0.4735781540799294,0.0382075569574696,False,0.02677029323476,0.0206501840829593,0.0340350913213661,0.0382075569574696,False,43797,2021,24,127,0.0588011828876926,False,18,14
gleam_main,Et_late,A,-0.06125584901093,-0.1303089599803631,0.007797261958503,0.0373606229805096,-0.138542186069558,0.0160304880476979,0.0333806380628861,False,0.0166730653244456,0.0134116985598395,0.0334338906228178,0.0333806380628861,False,43797,2021,24,127,0.002133506004792,False,18,14
gleam_main,Et_annual,A,0.3311705356238855,0.2007289957341599,0.461612075513611,0.0720889320338495,0.1820432177450811,0.4802978535026899,0.0630561283958933,False,0.0406086862734198,0.0316138542599653,0.0595629811286166,0.0630561283958933,False,43797,2021,24,127,0.0153228409786368,False,18,14
gleam_main,Et_centroid_advance,A,0.1018004933300306,0.0783101466816344,0.1252908399784267,0.0127281965838721,0.0754702125998936,0.1281307740601675,0.0113553574695416,False,0.0066469497758094,0.0051452288946332,0.0108547246374821,0.0113553574695416,False,43797,2021,24,127,0.0659331613201026,False,18,14
gleam_main,Et_q10_advance,A,0.07527578130667,0.0488761278333864,0.1016754347799535,0.0140489351115329,0.046213344769914,0.1043382178434259,0.0127617317338154,False,0.0068827534662848,0.0049808458784556,0.0122474602465329,0.0127617317338154,False,43797,2021,24,127,0.0189470893702041,False,18,14
gleam_main,Et_q25_advance,A,0.1103660445447266,0.0844600114971498,0.1362720775923034,0.014548027407185,0.0802711569322684,0.1404609321571848,0.0125231130164305,False,0.0084947843540191,0.0066564449244704,0.0118103234595382,0.0125231130164305,False,43797,2021,24,127,0.0357448606096965,False,18,14
gleam_main,Et_q50_advance,A,0.1328266327187401,0.1009068284624564,0.1647464369750238,0.0174829252103596,0.0966604464299426,0.1689928190075376,0.0154302017383232,False,0.0093965290430977,0.0070659617111927,0.014743063313072,0.0154302017383232,False,43797,2021,24,127,0.0627514679417582,False,18,14
gleam_main,Et_q75_advance,A,0.1177616621369071,0.0845486305337938,0.1509746937400205,0.0178671400051318,0.0808006669888685,0.1547226572849458,0.0160553546589014,False,0.0091786930718387,0.0071596087071992,0.0153292623911251,0.0160553546589014,False,43797,2021,24,127,0.0549140017306052,False,18,14
gleam_main,Et_q90_advance,A,0.0687910895674443,0.0414624911640509,0.0961196879708378,0.0152440657623054,0.0372563369145228,0.1003258422203659,0.0132107886127455,False,0.0075849386901121,0.0059177773987831,0.0132230951759688,0.0132107886127455,False,43797,2021,24,127,0.0182923816380923,False,18,14
gleam_main,Et_q10_null_advance,A,0.4911719508072864,0.4518127972114834,0.5305311044030894,0.0199217274215795,0.449960717763942,0.5323831838506308,0.0190264224478549,False,0.0178386810347376,0.0122579155618525,0.0088688602650288,0.0190264224478549,False,43797,2021,24,127,0.8311788468454196,False,18,14
gleam_main,Et_q25_null_advance,A,0.6234294897947004,0.5906885154853564,0.6561704641040443,0.0164324614658914,0.5894363533253664,0.6574226262640344,0.0158271596732296,False,0.0151506760974801,0.0101915514553774,0.0063626098118029,0.0158271596732296,False,43797,2021,24,127,0.9337431629832824,False,18,14
gleam_main,Et_q50_null_advance,A,0.6953745650758429,0.6741814842306306,0.7165676459210553,0.0106190712080432,0.6734073426057425,0.7173417875459434,0.0102448470633664,False,0.0101913207513949,0.0066704515215373,0.0029835640874095,0.0102448470633664,False,43797,2021,24,127,0.9754477187209688,False,18,14
gleam_main,Et_q75_null_advance,A,0.6753964751928537,0.6566394232340879,0.6941535271516196,0.009485712518051,0.6557737838021402,0.6950191665835672,0.009067257850837,False,0.0088988263128604,0.0060142513275669,0.0032847575601028,0.009067257850837,False,43797,2021,24,127,0.9757622677431568,False,18,14
gleam_main,Et_q90_null_advance,A,0.5445424832015516,0.5220786279946515,0.5670063384084517,0.0114339918081839,0.5208894690300829,0.5681954973730203,0.0108591460924988,False,0.0105774086486651,0.0070097576867202,0.0043421878067122,0.0108591460924988,False,43797,2021,24,127,0.942597188130781,False,18,14
gleam_main,Et_q10_gap,A,0.4158961695006125,0.3683225828148105,0.4634697561864145,0.0245044941086185,0.36520476127335,0.466587577727875,0.0229973227305436,False,0.0170664678306035,0.0121505798944358,0.0175842516845697,0.0229973227305436,False,43797,2021,24,127,0.3423431281581853,False,18,14
gleam_main,Et_q25_gap,A,0.5130634452499716,0.4743747735225776,0.5517521169773656,0.0205104953648494,0.4706342529200111,0.5554926375799321,0.018702307976213,False,0.014391974241447,0.0102606010163458,0.0146134012996645,0.018702307976213,False,43797,2021,24,127,0.4275055402724733,False,18,14
gleam_main,Et_q50_gap,A,0.5625479323571018,0.5281571990601308,0.5969386656540727,0.0185870896909342,0.5240976078124092,0.6009982569017943,0.0166246618694934,False,0.0111862048900028,0.0079021666523279,0.0148441477807825,0.0166246618694934,False,43797,2021,24,127,0.5361433850328123,False,18,14
gleam_main,Et_q75_gap,A,0.5576348130559483,0.5224221400444058,0.5928474860674908,0.0187425034140787,0.5188629907301092,0.5964066353817874,0.0170219918628339,False,0.0103627358715259,0.00779341640903,0.0156171424877838,0.0170219918628339,False,43797,2021,24,127,0.5574148012048352,False,18,14
gleam_main,Et_q90_gap,A,0.4757513936341029,0.443752649552137,0.5077501377160688,0.0174685151309922,0.4396150168656554,0.5118877704025504,0.0154683616664257,False,0.010526961394964,0.0072362459387997,0.0139403050422378,0.0154683616664257,False,43797,2021,24,127,0.4580968267964235,False,18,14
gleam_main,En_I,A,0.8832497561508674,0.8100446558753421,0.9564548564263928,0.040251474321667,0.7999832374647639,0.966516274836971,0.0353877315930963,False,0.0224152717522392,0.0162182244308563,0.033432570606238,0.0353877315930963,False,43797,2021,24,127,0.3730031610395383,False,18,14
gleam_main,En_K,A,1.0658387321544618,1.015480948428136,1.1161965158807876,0.0253036602503515,1.013494122806114,1.1181833415028095,0.0243432182651651,False,0.0248553983937135,0.01454621520535,0.0047417710567895,0.0243432182651651,False,43797,2021,24,127,0.9350662400297358,False,18,14
gleam_main,En_R,A,-0.1825889760035949,-0.2429637448463033,-0.1222142071608864,0.0347445323051591,-0.2544635171771129,-0.1107144348300769,0.0291854817049585,False,0.013084149191837,0.0120999971959964,0.0321867607104225,0.0291854817049585,False,43797,2021,24,127,0.0255748605384792,False,18,14
gleam_main,En_K_loo,A,1.0737773837942457,1.0229980819278424,1.1245566856606486,0.0255428820137854,1.0209379065243924,1.1266168610640983,0.0245469823573736,False,0.0251112080824967,0.0146968819716107,0.0046761148625451,0.0245469823573736,False,43797,2021,24,127,0.9328995488574384,False,18,14
gleam_main,En_R_loo,A,-0.1905276276433774,-0.2535273864630896,-0.1275278688236653,0.0362551641554848,-0.2655271488906132,-0.1155281063961417,0.0304544157053376,False,0.0136530253484971,0.0126260840111215,0.0335861850583606,0.0304544157053376,False,43797,2021,24,127,0.0255748606590847,False,18,14
gleam_main,En_early,A,-0.1416346724121486,-0.2112860355000546,-0.0719833093242426,0.0400225863261934,-0.2244277002044819,-0.0588416446198152,0.0336698362924334,False,0.0148533647096053,0.0141035080662598,0.0371642970206763,0.0336698362924334,False,43797,2021,24,127,0.0110254497885758,False,18,14
gleam_main,En_late,A,0.0503972621075002,0.0052671501064829,0.0955273741085176,0.0251261715878672,-0.0015801839684361,0.1023747081834366,0.0218161341798246,False,0.0174714457452404,0.0116240601683813,0.0180574937971487,0.0218161341798246,False,43797,2021,24,127,0.0032612951846838,False,18,14
gleam_main,En_annual,A,0.0249007329473003,-0.1183640381244747,0.1681655040190754,0.0849139118341375,-0.1507570769988402,0.200558542893441,0.06925494598536,False,0.0424327804679776,0.0293827261959679,0.0735515571876768,0.06925494598536,False,43797,2021,24,127,6.531105969997952e-05,False,18,14
gleam_main,En_centroid_advance,A,-0.0326609672626542,-0.0560652813784836,-0.0092566531468248,0.0131771459495768,-0.0599199705148488,-0.0054019640104596,0.0113137688895207,False,0.0075952428275805,0.0056486402398226,0.0107679831800822,0.0113137688895207,False,43797,2021,24,127,0.0046187469771667,False,18,14
gleam_main,En_q10_advance,A,0.0213774524995809,-0.0068850025141304,0.0496399075132923,0.0161930792449055,-0.0121204841165116,0.0548753891156735,0.0136622198237949,False,0.0082925462029194,0.0059204377090382,0.0139086121846946,0.0136622198237949,False,43797,2021,24,127,0.0013501161660061,False,18,14
gleam_main,En_q25_advance,A,0.0140713382707201,-0.0241715244203324,0.0523142009617728,0.0212117013941171,-0.0298084092481566,0.057951085789597,0.0184868015366282,False,0.0096893379092084,0.0076334080356851,0.0188693668922507,0.0184868015366282,False,43797,2021,24,127,0.0003858277598111,False,18,14
gleam_main,En_q50_advance,A,-0.0651659765569155,-0.1052729505303982,-0.0250590025834328,0.0217308728065211,-0.1101197119691739,-0.0202122411446571,0.0193879227627998,False,0.011241044991538,0.0083488789995484,0.0185975735092354,0.0193879227627998,False,43797,2021,24,127,0.0078474392177706,False,18,14
gleam_main,En_q75_advance,A,-0.0854433124426592,-0.1097954078754008,-0.0610912170099175,0.0144195671580256,-0.1152724597830575,-0.0556141651022608,0.0117719313771836,False,0.0084792566864461,0.0069911164795165,0.0116630237533055,0.0117719313771836,False,43797,2021,24,127,0.0159601051822116,False,18,14
gleam_main,En_q90_advance,A,-0.0326707348848172,-0.0531687447839694,-0.012172724985665,0.0118994913266156,-0.057286708177736,-0.0080547615918983,0.009908846101893,False,0.0071179525859536,0.0052556603881759,0.0095358609897752,0.009908846101893,False,43797,2021,24,127,0.0037948488698705,False,18,14
gleam_main,En_q10_null_advance,A,0.0245535724160241,0.0048437766894789,0.0442633681425694,0.0101400652097314,0.0035772493497677,0.0455298954822806,0.0095278192134234,False,0.0089246911301904,0.0056317658099293,0.0048136068273495,0.0095278192134234,False,43797,2021,24,127,0.0326092274231227,False,18,14
gleam_main,En_q25_null_advance,A,0.083513201610299,0.0574866135425779,0.1095397896780201,0.0139812382483852,0.0545908067046949,0.1124355965159031,0.012581389949035,False,0.0118710263033397,0.0082250827762968,0.0073860515475812,0.012581389949035,False,43797,2021,24,127,0.1325894346179027,False,18,14
gleam_main,En_q50_null_advance,A,0.166194232143884,0.1338105543814031,0.198577909906365,0.0164466771998692,0.132171688188269,0.2002167760994991,0.0156544406379173,False,0.0157678008509347,0.0114288807357255,0.0046764994645526,0.0156544406379173,False,43797,2021,24,127,0.3165525998208713,False,18,14
gleam_main,En_q75_null_advance,A,0.1004085678256809,0.0634060606738708,0.137411074977491,0.0185038064888658,0.0621305277107672,0.1386866079405946,0.0178872071267098,False,0.0175598457124724,0.0118223817711044,0.0058346099382527,0.0178872071267098,False,43797,2021,24,127,0.1571732998142816,False,18,14
gleam_main,En_q90_null_advance,A,0.0698032168415951,0.0465762251311312,0.0930302085520591,0.0116498286257397,0.0457037101948808,0.0939027234883094,0.011228050303481,False,0.0103338242933889,0.0072576521162038,0.0053787156908011,0.011228050303481,False,43797,2021,24,127,0.1776547493121273,False,18,14
gleam_main,En_q10_gap,A,0.0031761199164432,-0.0325634237168243,0.0389156635497108,0.0198919243751919,-0.0379734608281778,0.0443257006610643,0.0172766839003521,False,0.0124025892057259,0.0082436038555487,0.0155519913947496,0.0172766839003521,False,43797,2021,24,127,2.869859941201369e-05,False,18,14
gleam_main,En_q25_gap,A,0.069441863339579,0.0244649295432147,0.1144187971359434,0.0255855823608892,0.0165140536717221,0.1223696730074359,0.0217420870277577,False,0.0148844124824028,0.0113344905478788,0.0208104850928452,0.0217420870277577,False,43797,2021,24,127,0.0087662852719022,False,18,14
gleam_main,En_q50_gap,A,0.2313602087007993,0.1836209329270522,0.2790994844745466,0.0258051888678237,0.1779781083610749,0.2847423090405238,0.0230774177095825,False,0.0160207772144016,0.0125146084516102,0.0202297422116684,0.0230774177095825,False,43797,2021,24,127,0.0858688173292689,False,18,14
gleam_main,En_q75_gap,A,0.1858518802683401,0.1449498798998332,0.2267538806368471,0.0218360174893785,0.1406806365076937,0.2310231240289866,0.019772242715517,False,0.0180802324956853,0.012459164608607,0.0122440537690101,0.019772242715517,False,43797,2021,24,127,0.0664222805433388,False,18,14
gleam_main,En_q90_gap,A,0.1024739517264128,0.0702904266909989,0.1346574767618267,0.0172715612875261,0.0667450050251529,0.1382028984276727,0.0155576857539486,False,0.0128298653529275,0.0086537934497201,0.0115629314766852,0.0155576857539486,False,43797,2021,24,127,0.0340050956340635,False,18,14
gleam_main,centroid_Et_minus_E_advance,A,0.0668652732527568,0.0430548843512264,0.0906756621542871,0.01296101889857,0.0400533628694448,0.0936771836360688,0.0115100675827678,False,0.0070184607228005,0.0051503504073509,0.0108962938640436,0.0115100675827678,False,43797,2021,24,127,0.028001290804039,False,18,14
gleam_main,centroid_Et_minus_En_advance,A,0.1344614605926852,0.0919014572046331,0.1770214639807373,0.0233851712169347,0.0860855481838206,0.1828373730015498,0.0205737301202931,False,0.0122098765654593,0.0092187411613195,0.0199445518150095,0.0205737301202931,False,43797,2021,24,127,0.031313064350758,False,18,14
gleam_main,qdiff_Et_minus_E_q10,A,0.0445717040236633,0.0111618725075351,0.0779815355397915,0.0178398425430738,0.0076671779782561,0.0814762300690704,0.0161504887748728,False,0.0070547943953679,0.0053470079603471,0.0163856601332003,0.0161504887748728,False,43797,2021,24,127,0.0047340797471195,False,18,14
gleam_main,qdiff_Et_minus_E_q25,A,0.0537426988530907,0.0272264490840828,0.0802589486220986,0.015115584769886,0.0224737293829317,0.0850116683232497,0.012818094998155,False,0.0081008575790274,0.0063865922610032,0.0127615441628324,0.012818094998155,False,43797,2021,24,127,0.0077351704393974,False,18,14
gleam_main,qdiff_Et_minus_E_q50,A,0.084198187152899,0.0504677151756736,0.1179286591301244,0.0182616939682842,0.0464209949462641,0.1219753793595339,0.0163054880649836,False,0.0104163639846142,0.0073498961162519,0.0149996275930871,0.0163054880649836,False,43797,2021,24,127,0.0295625818280944,False,18,14
gleam_main,qdiff_Et_minus_E_q75,A,0.0908749867445405,0.0596316158291638,0.1221183576599171,0.0170400660381559,0.0556249244526661,0.1261250490364149,0.0151032102934847,False,0.0098126987257138,0.0070834146551356,0.0139310729774518,0.0151032102934847,False,43797,2021,24,127,0.0368585284631433,False,18,14
gleam_main,qdiff_Et_minus_E_q90,A,0.0582203791930119,0.0288866984707328,0.0875540599152911,0.01649860502495,0.0240904143468512,0.0923503440391727,0.0141800559814908,False,0.0087217158222343,0.0066860806057654,0.014004843479507,0.0141800559814908,False,43797,2021,24,127,0.011412885771079,False,18,14
gleam_main,qdiff_Et_minus_En_q10,A,0.0538983288070889,0.0045134064378706,0.1032832511763072,0.026949314296885,-0.001850575308737,0.109647232922915,0.0238729319537873,False,0.0112161887027543,0.008292879078421,0.0245043394535844,0.0238729319537873,False,43797,2021,24,127,0.0034699592127926,False,18,14
gleam_main,qdiff_Et_minus_En_q25,A,0.0962947062740063,0.0384988506739357,0.154090561874077,0.0319048664333795,0.0302944615171926,0.1622949510308201,0.0279388214410034,False,0.014837930459858,0.0113482127326965,0.0282445803969576,0.0279388214410034,False,43797,2021,24,127,0.0080821226298906,False,18,14
gleam_main,qdiff_Et_minus_En_q50,A,0.197992609275655,0.1326260438163534,0.2633591747349566,0.0354055196898255,0.124750711518456,0.2712345070328541,0.031598542518624,False,0.0179894877541853,0.0133646439311209,0.0304947397898168,0.031598542518624,False,43797,2021,24,127,0.0345963617214373,False,18,14
gleam_main,qdiff_Et_minus_En_q75,A,0.2032049745795667,0.1521745022496598,0.2542354469094736,0.0282999757942793,0.1446620142780558,0.2617479348810776,0.0246683994842286,False,0.0148722482115438,0.0118709676055012,0.024077060931331,0.0246683994842286,False,43797,2021,24,127,0.0409958767069281,False,18,14
gleam_main,qdiff_Et_minus_En_q90,A,0.1014618244522613,0.058644701992391,0.1442789469121317,0.024266173946616,0.0512634190418416,0.1516602298626811,0.0206980228357832,False,0.0134092078692839,0.0100600788252388,0.0202247457913755,0.0206980228357832,False,43797,2021,24,127,0.0131586674721393,False,18,14
gleam_main,Et_fraction_annual,A,0.0004289243229217,0.0002101511926556,0.0006476974531879,0.0001307224573043,0.0001585043167663,0.0006993443290771,0.0001057560850883,False,6.974223174962388e-05,5.358122255024654e-05,0.0001105639270027,0.0001057560850883,False,43797,2021,24,127,0.0066332684044074,False,18,14
gleam_main,Et_fraction_early,A,0.0015437002904685,0.0011806196962206,0.0019067808847164,0.0002062957119441,0.0011169450959584,0.0019704554849787,0.000175515074326,False,9.43341948365879e-05,8.002022295857766e-05,0.0001834638396281,0.000175515074326,False,43797,2021,24,127,0.0441409038575283,False,18,14
gleam_main,Et_fraction_late,A,-0.0004192300408852,-0.0008816854990597,4.322541728915216e-05,0.0002530695034409,-0.0009427441951433,0.0001042841133727,0.0002235534077003,False,0.0001315661055746,9.866337398066551e-05,0.0002161817139255,0.0002235534077003,False,43797,2021,24,127,0.0029901562215747,False,18,14
